<?xml version="1.0" encoding="UTF-8"?>
<!DOCTYPE mapper PUBLIC "-//mybatis.org//DTD Mapper 3.0//EN" "http://mybatis.org/dtd/mybatis-3-mapper.dtd">
<mapper namespace="com.miaoShaProject.dao.ItemDOMapper">
  <resultMap id="BaseResultMap" type="com.miaoShaProject.dataObject.ItemDO">
    <!--
      WARNING - @mbg.generated
      This element is automatically generated by MyBatis Generator, do not modify.
      This element was generated on Mon Sep 13 14:03:04 CST 2021.
    -->
    <id column="id" jdbcType="INTEGER" property="id" />
    <result column="title" jdbcType="VARCHAR" property="title" />
    <result column="price" jdbcType="DOUBLE" property="price" />
    <result column="description" jdbcType="VARCHAR" property="description" />
    <result column="sales" jdbcType="INTEGER" property="sales" />
    <result column="img_url" jdbcType="VARCHAR" property="imgUrl" />
  </resultMap>
  <sql id="Example_Where_Clause">
    <!--
      WARNING - @mbg.generated
      This element is automatically generated by MyBatis Generator, do not modify.
      This element was generated on Mon Sep 13 14:03:04 CST 2021.
    -->
    <where>
      <foreach collection="oredCriteria" item="criteria" separator="or">
        <if test="criteria.valid">
          <trim prefix="(" prefixOverrides="and" suffix=")">
            <foreach collection="criteria.criteria" item="criterion">
              <choose>
                <when test="criterion.noValue">
                  and ${criterion.condition}
                </when>
                <when test="criterion.singleValue">
                  and ${criterion.condition} #{criterion.value}
                </when>
                <when test="criterion.betweenValue">
                  and ${criterion.condition} #{criterion.value} and #{criterion.secondValue}
                </when>
                <when test="criterion.listValue">
                  and ${criterion.condition}
                  <foreach close=")" collection="criterion.value" item="listItem" open="(" separator=",">
                    #{listItem}
                  </foreach>
                </when>
              </choose>
            </foreach>
          </trim>
        </if>
      </foreach>
    </where>
  </sql>
  <sql id="Update_By_Example_Where_Clause">
    <!--
      WARNING - @mbg.generated
      This element is automatically generated by MyBatis Generator, do not modify.
      This element was generated on Mon Sep 13 14:03:04 CST 2021.
    -->
    <where>
      <foreach collection="example.oredCriteria" item="criteria" separator="or">
        <if test="criteria.valid">
          <trim prefix="(" prefixOverrides="and" suffix=")">
            <foreach collection="criteria.criteria" item="criterion">
              <choose>
                <when test="criterion.noValue">
                  and ${criterion.condition}
                </when>
                <when test="criterion.singleValue">
                  and ${criterion.condition} #{criterion.value}
                </when>
                <when test="criterion.betweenValue">
                  and ${criterion.condition} #{criterion.value} and #{criterion.secondValue}
                </when>
                <when test="criterion.listValue">
                  and ${criterion.condition}
                  <foreach close=")" collection="criterion.value" item="listItem" open="(" separator=",">
                    #{listItem}
                  </foreach>
                </when>
              </choose>
            </foreach>
          </trim>
        </if>
      </foreach>
    </where>
  </sql>
  <sql id="Base_Column_List">
    <!--
      WARNING - @mbg.generated
      This element is automatically generated by MyBatis Generator, do not modify.
      This element was generated on Mon Sep 13 14:03:04 CST 2021.
    -->
    id, title, price, description, sales, img_url
  </sql>
  <select id="selectByExample" parameterType="com.miaoShaProject.dataObject.ItemDOExample" resultMap="BaseResultMap">
    <!--
      WARNING - @mbg.generated
      This element is automatically generated by MyBatis Generator, do not modify.
      This element was generated on Mon Sep 13 14:03:04 CST 2021.
    -->
    select
    <if test="distinct">
      distinct
    </if>
    <include refid="Base_Column_List" />
    from item
    <if test="_parameter != null">
      <include refid="Example_Where_Clause" />
    </if>
    <if test="orderByClause != null">
      order by ${orderByClause}
    </if>
  </select>
  <select id="selectByPrimaryKey" parameterType="java.lang.Integer" resultMap="BaseResultMap">
    <!--
      WARNING - @mbg.generated
      This element is automatically generated by MyBatis Generator, do not modify.
      This element was generated on Mon Sep 13 14:03:04 CST 2021.
    -->
    select 
    <include refid="Base_Column_List" />
    from item
    where id = #{id,jdbcType=INTEGER}
  </select>

  <select id="listItem" resultMap="BaseResultMap">
    <!--
      WARNING - @mbg.generated
      This element is automatically generated by MyBatis Generator, do not modify.
      This element was generated on Mon Sep 13 14:03:04 CST 2021.
    -->
    select
    <include refid="Base_Column_List" />
    from item order by sales DESC;
  </select>

  <delete id="deleteByPrimaryKey" parameterType="java.lang.Integer">
    <!--
      WARNING - @mbg.generated
      This element is automatically generated by MyBatis Generator, do not modify.
      This element was generated on Mon Sep 13 14:03:04 CST 2021.
    -->
    delete from item
    where id = #{id,jdbcType=INTEGER}
  </delete>
  <delete id="deleteByExample" parameterType="com.miaoShaProject.dataObject.ItemDOExample">
    <!--
      WARNING - @mbg.generated
      This element is automatically generated by MyBatis Generator, do not modify.
      This element was generated on Mon Sep 13 14:03:04 CST 2021.
    -->
    delete from item
    <if test="_parameter != null">
      <include refid="Example_Where_Clause" />
    </if>
  </delete>
  <insert id="insert" parameterType="com.miaoShaProject.dataObject.ItemDO" useGeneratedKeys="true" keyProperty="id">
    <!--
      WARNING - @mbg.generated
      This element is automatically generated by MyBatis Generator, do not modify.
      This element was generated on Mon Sep 13 14:03:04 CST 2021.
    -->
    insert into item (id, title, price, 
      description, sales, img_url
      )
    values (#{id,jdbcType=INTEGER}, #{title,jdbcType=VARCHAR}, #{price,jdbcType=DOUBLE}, 
      #{description,jdbcType=VARCHAR}, #{sales,jdbcType=INTEGER}, #{imgUrl,jdbcType=VARCHAR}
      )
  </insert>
  <insert id="insertSelective" parameterType="com.miaoShaProject.dataObject.ItemDO" useGeneratedKeys="true" keyProperty="id">
    <!--
      WARNING - @mbg.generated
      This element is automatically generated by MyBatis Generator, do not modify.
      This element was generated on Mon Sep 13 14:03:04 CST 2021.
    -->
    insert into item
    <trim prefix="(" suffix=")" suffixOverrides=",">
      <if test="id != null">
        id,
      </if>
      <if test="title != null">
        title,
      </if>
      <if test="price != null">
        price,
      </if>
      <if test="description != null">
        description,
      </if>
      <if test="sales != null">
        sales,
      </if>
      <if test="imgUrl != null">
        img_url,
      </if>
    </trim>
    <trim prefix="values (" suffix=")" suffixOverrides=",">
      <if test="id != null">
        #{id,jdbcType=INTEGER},
      </if>
      <if test="title != null">
        #{title,jdbcType=VARCHAR},
      </if>
      <if test="price != null">
        #{price,jdbcType=DOUBLE},
      </if>
      <if test="description != null">
        #{description,jdbcType=VARCHAR},
      </if>
      <if test="sales != null">
        #{sales,jdbcType=INTEGER},
      </if>
      <if test="imgUrl != null">
        #{imgUrl,jdbcType=VARCHAR},
      </if>
    </trim>
  </insert>
  <select id="countByExample" parameterType="com.miaoShaProject.dataObject.ItemDOExample" resultType="java.lang.Long">
    <!--
      WARNING - @mbg.generated
      This element is automatically generated by MyBatis Generator, do not modify.
      This element was generated on Mon Sep 13 14:03:04 CST 2021.
    -->
    select count(*) from item
    <if test="_parameter != null">
      <include refid="Example_Where_Clause" />
    </if>
  </select>
  <update id="updateByExampleSelective" parameterType="map">
    <!--
      WARNING - @mbg.generated
      This element is automatically generated by MyBatis Generator, do not modify.
      This element was generated on Mon Sep 13 14:03:04 CST 2021.
    -->
    update item
    <set>
      <if test="record.id != null">
        id = #{record.id,jdbcType=INTEGER},
      </if>
      <if test="record.title != null">
        title = #{record.title,jdbcType=VARCHAR},
      </if>
      <if test="record.price != null">
        price = #{record.price,jdbcType=DOUBLE},
      </if>
      <if test="record.description != null">
        description = #{record.description,jdbcType=VARCHAR},
      </if>
      <if test="record.sales != null">
        sales = #{record.sales,jdbcType=INTEGER},
      </if>
      <if test="record.imgUrl != null">
        img_url = #{record.imgUrl,jdbcType=VARCHAR},
      </if>
    </set>
    <if test="_parameter != null">
      <include refid="Update_By_Example_Where_Clause" />
    </if>
  </update>
  <update id="updateByExample" parameterType="map">
    <!--
      WARNING - @mbg.generated
      This element is automatically generated by MyBatis Generator, do not modify.
      This element was generated on Mon Sep 13 14:03:04 CST 2021.
    -->
    update item
    set id = #{record.id,jdbcType=INTEGER},
      title = #{record.title,jdbcType=VARCHAR},
      price = #{record.price,jdbcType=DOUBLE},
      description = #{record.description,jdbcType=VARCHAR},
      sales = #{record.sales,jdbcType=INTEGER},
      img_url = #{record.imgUrl,jdbcType=VARCHAR}
    <if test="_parameter != null">
      <include refid="Update_By_Example_Where_Clause" />
    </if>
  </update>
  <update id="updateByPrimaryKeySelective" parameterType="com.miaoShaProject.dataObject.ItemDO">
    <!--
      WARNING - @mbg.generated
      This element is automatically generated by MyBatis Generator, do not modify.
      This element was generated on Mon Sep 13 14:03:04 CST 2021.
    -->
    update item
    <set>
      <if test="title != null">
        title = #{title,jdbcType=VARCHAR},
      </if>
      <if test="price != null">
        price = #{price,jdbcType=DOUBLE},
      </if>
      <if test="description != null">
        description = #{description,jdbcType=VARCHAR},
      </if>
      <if test="sales != null">
        sales = #{sales,jdbcType=INTEGER},
      </if>
      <if test="imgUrl != null">
        img_url = #{imgUrl,jdbcType=VARCHAR},
      </if>
    </set>
    where id = #{id,jdbcType=INTEGER}
  </update>
  <update id="updateByPrimaryKey" parameterType="com.miaoShaProject.dataObject.ItemDO">
    <!--
      WARNING - @mbg.generated
      This element is automatically generated by MyBatis Generator, do not modify.
      This element was generated on Mon Sep 13 14:03:04 CST 2021.
    -->
    update item
    set title = #{title,jdbcType=VARCHAR},
      price = #{price,jdbcType=DOUBLE},
      description = #{description,jdbcType=VARCHAR},
      sales = #{sales,jdbcType=INTEGER},
      img_url = #{imgUrl,jdbcType=VARCHAR}
    where id = #{id,jdbcType=INTEGER}
  </update>
  <update id="increaseSales">
    <!--
      WARNING - @mbg.generated
      This element is automatically generated by MyBatis Generator, do not modify.
      This element was generated on Mon Sep 13 14:03:04 CST 2021.
    -->
    update item
    set sales = sales + #{amount, jdbcType=INTEGER}
    where id = #{id,jdbcType=INTEGER}
  </update>
</mapper>