<?xml version="1.0" encoding="UTF-8"?>
<!DOCTYPE mapper PUBLIC "-//mybatis.org//DTD Mapper 3.0//EN" "http://mybatis.org/dtd/mybatis-3-mapper.dtd">
<mapper namespace="com.miaoShaProject.dao.OrderInfoDOMapper">
  <resultMap id="BaseResultMap" type="com.miaoShaProject.dataObject.OrderInfoDO">
    <!--
      WARNING - @mbg.generated
      This element is automatically generated by MyBatis Generator, do not modify.
      This element was generated on Mon Sep 13 16:28:19 CST 2021.
    -->
    <id column="id" jdbcType="INTEGER" property="id" />
    <result column="user_id" jdbcType="INTEGER" property="userId" />
    <result column="item_id" jdbcType="INTEGER" property="itemId" />
    <result column="promo_id" jdbcType="INTEGER" property="promoId" />
    <result column="item_price" jdbcType="DOUBLE" property="itemPrice" />
    <result column="amount" jdbcType="INTEGER" property="amount" />
    <result column="order_price" jdbcType="DOUBLE" property="orderPrice" />
  </resultMap>
  <sql id="Example_Where_Clause">
    <!--
      WARNING - @mbg.generated
      This element is automatically generated by MyBatis Generator, do not modify.
      This element was generated on Mon Sep 13 16:28:19 CST 2021.
    -->
    <where>
      <foreach collection="oredCriteria" item="criteria" separator="or">
        <if test="criteria.valid">
          <trim prefix="(" prefixOverrides="and" suffix=")">
            <foreach collection="criteria.criteria" item="criterion">
              <choose>
                <when test="criterion.noValue">
                  and ${criterion.condition}
                </when>
                <when test="criterion.singleValue">
                  and ${criterion.condition} #{criterion.value}
                </when>
                <when test="criterion.betweenValue">
                  and ${criterion.condition} #{criterion.value} and #{criterion.secondValue}
                </when>
                <when test="criterion.listValue">
                  and ${criterion.condition}
                  <foreach close=")" collection="criterion.value" item="listItem" open="(" separator=",">
                    #{listItem}
                  </foreach>
                </when>
              </choose>
            </foreach>
          </trim>
        </if>
      </foreach>
    </where>
  </sql>
  <sql id="Update_By_Example_Where_Clause">
    <!--
      WARNING - @mbg.generated
      This element is automatically generated by MyBatis Generator, do not modify.
      This element was generated on Mon Sep 13 16:28:19 CST 2021.
    -->
    <where>
      <foreach collection="example.oredCriteria" item="criteria" separator="or">
        <if test="criteria.valid">
          <trim prefix="(" prefixOverrides="and" suffix=")">
            <foreach collection="criteria.criteria" item="criterion">
              <choose>
                <when test="criterion.noValue">
                  and ${criterion.condition}
                </when>
                <when test="criterion.singleValue">
                  and ${criterion.condition} #{criterion.value}
                </when>
                <when test="criterion.betweenValue">
                  and ${criterion.condition} #{criterion.value} and #{criterion.secondValue}
                </when>
                <when test="criterion.listValue">
                  and ${criterion.condition}
                  <foreach close=")" collection="criterion.value" item="listItem" open="(" separator=",">
                    #{listItem}
                  </foreach>
                </when>
              </choose>
            </foreach>
          </trim>
        </if>
      </foreach>
    </where>
  </sql>
  <sql id="Base_Column_List">
    <!--
      WARNING - @mbg.generated
      This element is automatically generated by MyBatis Generator, do not modify.
      This element was generated on Mon Sep 13 16:28:19 CST 2021.
    -->
    id, user_id, item_id, promo_id, item_price, amount, order_price
  </sql>
  <select id="selectByExample" parameterType="com.miaoShaProject.dataObject.OrderInfoDOExample" resultMap="BaseResultMap">
    <!--
      WARNING - @mbg.generated
      This element is automatically generated by MyBatis Generator, do not modify.
      This element was generated on Mon Sep 13 16:28:19 CST 2021.
    -->
    select
    <if test="distinct">
      distinct
    </if>
    <include refid="Base_Column_List" />
    from order_info
    <if test="_parameter != null">
      <include refid="Example_Where_Clause" />
    </if>
    <if test="orderByClause != null">
      order by ${orderByClause}
    </if>
  </select>
  <select id="selectByPrimaryKey" parameterType="java.lang.Integer" resultMap="BaseResultMap">
    <!--
      WARNING - @mbg.generated
      This element is automatically generated by MyBatis Generator, do not modify.
      This element was generated on Mon Sep 13 16:28:19 CST 2021.
    -->
    select 
    <include refid="Base_Column_List" />
    from order_info
    where id = #{id,jdbcType=INTEGER}
  </select>
  <delete id="deleteByPrimaryKey" parameterType="java.lang.Integer">
    <!--
      WARNING - @mbg.generated
      This element is automatically generated by MyBatis Generator, do not modify.
      This element was generated on Mon Sep 13 16:28:19 CST 2021.
    -->
    delete from order_info
    where id = #{id,jdbcType=INTEGER}
  </delete>
  <delete id="deleteByExample" parameterType="com.miaoShaProject.dataObject.OrderInfoDOExample">
    <!--
      WARNING - @mbg.generated
      This element is automatically generated by MyBatis Generator, do not modify.
      This element was generated on Mon Sep 13 16:28:19 CST 2021.
    -->
    delete from order_info
    <if test="_parameter != null">
      <include refid="Example_Where_Clause" />
    </if>
  </delete>
  <insert id="insert" parameterType="com.miaoShaProject.dataObject.OrderInfoDO">
    <!--
      WARNING - @mbg.generated
      This element is automatically generated by MyBatis Generator, do not modify.
      This element was generated on Mon Sep 13 16:28:19 CST 2021.
    -->
    insert into order_info (id, user_id, item_id, promo_id,
      item_price, amount, order_price
      )
    values (#{id,jdbcType=INTEGER}, #{userId,jdbcType=INTEGER}, #{itemId,jdbcType=INTEGER}, #{promoId,jdbcType=INTEGER},
      #{itemPrice,jdbcType=DOUBLE}, #{amount,jdbcType=INTEGER}, #{orderPrice,jdbcType=DOUBLE}
      )
  </insert>
  <insert id="insertSelective" parameterType="com.miaoShaProject.dataObject.OrderInfoDO">
    <!--
      WARNING - @mbg.generated
      This element is automatically generated by MyBatis Generator, do not modify.
      This element was generated on Mon Sep 13 16:28:19 CST 2021.
    -->
    insert into order_info
    <trim prefix="(" suffix=")" suffixOverrides=",">
      <if test="id != null">
        id,
      </if>
      <if test="userId != null">
        user_id,
      </if>
      <if test="itemId != null">
        item_id,
      </if>
      <if test="promoId != null">
        promo_id,
      </if>
      <if test="itemPrice != null">
        item_price,
      </if>
      <if test="amount != null">
        amount,
      </if>
      <if test="orderPrice != null">
        order_price,
      </if>
    </trim>
    <trim prefix="values (" suffix=")" suffixOverrides=",">
      <if test="id != null">
        #{id,jdbcType=INTEGER},
      </if>
      <if test="userId != null">
        #{userId,jdbcType=INTEGER},
      </if>
      <if test="itemId != null">
        #{itemId,jdbcType=INTEGER},
      </if>
      <if test="promoId != null">
        #{promoId,jdbcType=INTEGER},
      </if>
      <if test="itemPrice != null">
        #{itemPrice,jdbcType=DOUBLE},
      </if>
      <if test="amount != null">
        #{amount,jdbcType=INTEGER},
      </if>
      <if test="orderPrice != null">
        #{orderPrice,jdbcType=DOUBLE},
      </if>
    </trim>
  </insert>
  <select id="countByExample" parameterType="com.miaoShaProject.dataObject.OrderInfoDOExample" resultType="java.lang.Long">
    <!--
      WARNING - @mbg.generated
      This element is automatically generated by MyBatis Generator, do not modify.
      This element was generated on Mon Sep 13 16:28:19 CST 2021.
    -->
    select count(*) from order_info
    <if test="_parameter != null">
      <include refid="Example_Where_Clause" />
    </if>
  </select>
  <update id="updateByExampleSelective" parameterType="map">
    <!--
      WARNING - @mbg.generated
      This element is automatically generated by MyBatis Generator, do not modify.
      This element was generated on Mon Sep 13 16:28:19 CST 2021.
    -->
    update order_info
    <set>
      <if test="record.id != null">
        id = #{record.id,jdbcType=INTEGER},
      </if>
      <if test="record.userId != null">
        user_id = #{record.userId,jdbcType=INTEGER},
      </if>
      <if test="record.itemId != null">
        item_id = #{record.itemId,jdbcType=INTEGER},
      </if>
      <if test="record.promoId != null">
        promo_id = #{record.promoId,jdbcType=INTEGER},
      </if>
      <if test="record.itemPrice != null">
        item_price = #{record.itemPrice,jdbcType=DOUBLE},
      </if>
      <if test="record.amount != null">
        amount = #{record.amount,jdbcType=INTEGER},
      </if>
      <if test="record.orderPrice != null">
        order_price = #{record.orderPrice,jdbcType=DOUBLE},
      </if>
    </set>
    <if test="_parameter != null">
      <include refid="Update_By_Example_Where_Clause" />
    </if>
  </update>
  <update id="updateByExample" parameterType="map">
    <!--
      WARNING - @mbg.generated
      This element is automatically generated by MyBatis Generator, do not modify.
      This element was generated on Mon Sep 13 16:28:19 CST 2021.
    -->
    update order_info
    set id = #{record.id,jdbcType=INTEGER},
      user_id = #{record.userId,jdbcType=INTEGER},
      item_id = #{record.itemId,jdbcType=INTEGER},
      promo_id = #{record.promoId,jdbcType=INTEGER},
      item_price = #{record.itemPrice,jdbcType=DOUBLE},
      amount = #{record.amount,jdbcType=INTEGER},
      order_price = #{record.orderPrice,jdbcType=DOUBLE}
    <if test="_parameter != null">
      <include refid="Update_By_Example_Where_Clause" />
    </if>
  </update>
  <update id="updateByPrimaryKeySelective" parameterType="com.miaoShaProject.dataObject.OrderInfoDO">
    <!--
      WARNING - @mbg.generated
      This element is automatically generated by MyBatis Generator, do not modify.
      This element was generated on Mon Sep 13 16:28:19 CST 2021.
    -->
    update order_info
    <set>
      <if test="userId != null">
        user_id = #{userId,jdbcType=INTEGER},
      </if>
      <if test="itemId != null">
        item_id = #{itemId,jdbcType=INTEGER},
      </if>
      <if test="promoId != null">
        promo_id = #{promoId,jdbcType=INTEGER},
      </if>
      <if test="itemPrice != null">
        item_price = #{itemPrice,jdbcType=DOUBLE},
      </if>
      <if test="amount != null">
        amount = #{amount,jdbcType=INTEGER},
      </if>
      <if test="orderPrice != null">
        order_price = #{orderPrice,jdbcType=DOUBLE},
      </if>
    </set>
    where id = #{id,jdbcType=INTEGER}
  </update>
  <update id="updateByPrimaryKey" parameterType="com.miaoShaProject.dataObject.OrderInfoDO">
    <!--
      WARNING - @mbg.generated
      This element is automatically generated by MyBatis Generator, do not modify.
      This element was generated on Mon Sep 13 16:28:19 CST 2021.
    -->
    update order_info
    set user_id = #{userId,jdbcType=INTEGER},
      item_id = #{itemId,jdbcType=INTEGER},
      promo_id = #{promoId,jdbcType=INTEGER},
      item_price = #{itemPrice,jdbcType=DOUBLE},
      amount = #{amount,jdbcType=INTEGER},
      order_price = #{orderPrice,jdbcType=DOUBLE}
    where id = #{id,jdbcType=INTEGER}
  </update>
</mapper>