<?xml version="1.0" encoding="UTF-8"?>
<!DOCTYPE mapper PUBLIC "-//mybatis.org//DTD Mapper 3.0//EN" "http://mybatis.org/dtd/mybatis-3-mapper.dtd">
<mapper namespace="com.miaoShaProject.dao.PromoDOMapper">
  <resultMap id="BaseResultMap" type="com.miaoShaProject.dataObject.PromoDO">
    <!--
      WARNING - @mbg.generated
      This element is automatically generated by MyBatis Generator, do not modify.
      This element was generated on Tue Sep 14 11:24:42 CST 2021.
    -->
    <id column="id" jdbcType="INTEGER" property="id" />
    <result column="promo_name" jdbcType="VARCHAR" property="promoName" />
    <result column="start_date" jdbcType="TIMESTAMP" property="startDate" />
    <result column="end_date" jdbcType="TIMESTAMP" property="endDate" />
    <result column="item_id" jdbcType="INTEGER" property="itemId" />
    <result column="promo_item_price" jdbcType="DOUBLE" property="promoItemPrice" />
  </resultMap>
  <sql id="Example_Where_Clause">
    <!--
      WARNING - @mbg.generated
      This element is automatically generated by MyBatis Generator, do not modify.
      This element was generated on Tue Sep 14 11:24:42 CST 2021.
    -->
    <where>
      <foreach collection="oredCriteria" item="criteria" separator="or">
        <if test="criteria.valid">
          <trim prefix="(" prefixOverrides="and" suffix=")">
            <foreach collection="criteria.criteria" item="criterion">
              <choose>
                <when test="criterion.noValue">
                  and ${criterion.condition}
                </when>
                <when test="criterion.singleValue">
                  and ${criterion.condition} #{criterion.value}
                </when>
                <when test="criterion.betweenValue">
                  and ${criterion.condition} #{criterion.value} and #{criterion.secondValue}
                </when>
                <when test="criterion.listValue">
                  and ${criterion.condition}
                  <foreach close=")" collection="criterion.value" item="listItem" open="(" separator=",">
                    #{listItem}
                  </foreach>
                </when>
              </choose>
            </foreach>
          </trim>
        </if>
      </foreach>
    </where>
  </sql>
  <sql id="Update_By_Example_Where_Clause">
    <!--
      WARNING - @mbg.generated
      This element is automatically generated by MyBatis Generator, do not modify.
      This element was generated on Tue Sep 14 11:24:42 CST 2021.
    -->
    <where>
      <foreach collection="example.oredCriteria" item="criteria" separator="or">
        <if test="criteria.valid">
          <trim prefix="(" prefixOverrides="and" suffix=")">
            <foreach collection="criteria.criteria" item="criterion">
              <choose>
                <when test="criterion.noValue">
                  and ${criterion.condition}
                </when>
                <when test="criterion.singleValue">
                  and ${criterion.condition} #{criterion.value}
                </when>
                <when test="criterion.betweenValue">
                  and ${criterion.condition} #{criterion.value} and #{criterion.secondValue}
                </when>
                <when test="criterion.listValue">
                  and ${criterion.condition}
                  <foreach close=")" collection="criterion.value" item="listItem" open="(" separator=",">
                    #{listItem}
                  </foreach>
                </when>
              </choose>
            </foreach>
          </trim>
        </if>
      </foreach>
    </where>
  </sql>
  <sql id="Base_Column_List">
    <!--
      WARNING - @mbg.generated
      This element is automatically generated by MyBatis Generator, do not modify.
      This element was generated on Tue Sep 14 11:24:42 CST 2021.
    -->
    id, promo_name, start_date, end_date, item_id, promo_item_price
  </sql>
  <select id="selectByExample" parameterType="com.miaoShaProject.dataObject.PromoDOExample" resultMap="BaseResultMap">
    <!--
      WARNING - @mbg.generated
      This element is automatically generated by MyBatis Generator, do not modify.
      This element was generated on Tue Sep 14 11:24:42 CST 2021.
    -->
    select
    <if test="distinct">
      distinct
    </if>
    <include refid="Base_Column_List" />
    from promo
    <if test="_parameter != null">
      <include refid="Example_Where_Clause" />
    </if>
    <if test="orderByClause != null">
      order by ${orderByClause}
    </if>
  </select>
  <select id="selectByPrimaryKey" parameterType="java.lang.Integer" resultMap="BaseResultMap">
    <!--
      WARNING - @mbg.generated
      This element is automatically generated by MyBatis Generator, do not modify.
      This element was generated on Tue Sep 14 11:24:42 CST 2021.
    -->
    select 
    <include refid="Base_Column_List" />
    from promo
    where id = #{id,jdbcType=INTEGER}
  </select>
  <select id="selectByItemId" parameterType="java.lang.Integer" resultMap="BaseResultMap">
    <!--
      WARNING - @mbg.generated
      This element is automatically generated by MyBatis Generator, do not modify.
      This element was generated on Tue Sep 14 11:24:42 CST 2021.
    -->
    select
    <include refid="Base_Column_List" />
    from promo
    where item_id = #{itemId,jdbcType=INTEGER}
  </select>
  <delete id="deleteByPrimaryKey" parameterType="java.lang.Integer">
    <!--
      WARNING - @mbg.generated
      This element is automatically generated by MyBatis Generator, do not modify.
      This element was generated on Tue Sep 14 11:24:42 CST 2021.
    -->
    delete from promo
    where id = #{id,jdbcType=INTEGER}
  </delete>
  <delete id="deleteByExample" parameterType="com.miaoShaProject.dataObject.PromoDOExample">
    <!--
      WARNING - @mbg.generated
      This element is automatically generated by MyBatis Generator, do not modify.
      This element was generated on Tue Sep 14 11:24:42 CST 2021.
    -->
    delete from promo
    <if test="_parameter != null">
      <include refid="Example_Where_Clause" />
    </if>
  </delete>
  <insert id="insert" parameterType="com.miaoShaProject.dataObject.PromoDO">
    <!--
      WARNING - @mbg.generated
      This element is automatically generated by MyBatis Generator, do not modify.
      This element was generated on Tue Sep 14 11:24:42 CST 2021.
    -->
    insert into promo (id, promo_name, start_date, 
      end_date, item_id, promo_item_price
      )
    values (#{id,jdbcType=INTEGER}, #{promoName,jdbcType=VARCHAR}, #{startDate,jdbcType=TIMESTAMP}, 
      #{endDate,jdbcType=TIMESTAMP}, #{itemId,jdbcType=INTEGER}, #{promoItemPrice,jdbcType=DOUBLE}
      )
  </insert>
  <insert id="insertSelective" parameterType="com.miaoShaProject.dataObject.PromoDO">
    <!--
      WARNING - @mbg.generated
      This element is automatically generated by MyBatis Generator, do not modify.
      This element was generated on Tue Sep 14 11:24:42 CST 2021.
    -->
    insert into promo
    <trim prefix="(" suffix=")" suffixOverrides=",">
      <if test="id != null">
        id,
      </if>
      <if test="promoName != null">
        promo_name,
      </if>
      <if test="startDate != null">
        start_date,
      </if>
      <if test="endDate != null">
        end_date,
      </if>
      <if test="itemId != null">
        item_id,
      </if>
      <if test="promoItemPrice != null">
        promo_item_price,
      </if>
    </trim>
    <trim prefix="values (" suffix=")" suffixOverrides=",">
      <if test="id != null">
        #{id,jdbcType=INTEGER},
      </if>
      <if test="promoName != null">
        #{promoName,jdbcType=VARCHAR},
      </if>
      <if test="startDate != null">
        #{startDate,jdbcType=TIMESTAMP},
      </if>
      <if test="endDate != null">
        #{endDate,jdbcType=TIMESTAMP},
      </if>
      <if test="itemId != null">
        #{itemId,jdbcType=INTEGER},
      </if>
      <if test="promoItemPrice != null">
        #{promoItemPrice,jdbcType=DOUBLE},
      </if>
    </trim>
  </insert>
  <select id="countByExample" parameterType="com.miaoShaProject.dataObject.PromoDOExample" resultType="java.lang.Long">
    <!--
      WARNING - @mbg.generated
      This element is automatically generated by MyBatis Generator, do not modify.
      This element was generated on Tue Sep 14 11:24:42 CST 2021.
    -->
    select count(*) from promo
    <if test="_parameter != null">
      <include refid="Example_Where_Clause" />
    </if>
  </select>
  <update id="updateByExampleSelective" parameterType="map">
    <!--
      WARNING - @mbg.generated
      This element is automatically generated by MyBatis Generator, do not modify.
      This element was generated on Tue Sep 14 11:24:42 CST 2021.
    -->
    update promo
    <set>
      <if test="record.id != null">
        id = #{record.id,jdbcType=INTEGER},
      </if>
      <if test="record.promoName != null">
        promo_name = #{record.promoName,jdbcType=VARCHAR},
      </if>
      <if test="record.startDate != null">
        start_date = #{record.startDate,jdbcType=TIMESTAMP},
      </if>
      <if test="record.endDate != null">
        end_date = #{record.endDate,jdbcType=TIMESTAMP},
      </if>
      <if test="record.itemId != null">
        item_id = #{record.itemId,jdbcType=INTEGER},
      </if>
      <if test="record.promoItemPrice != null">
        promo_item_price = #{record.promoItemPrice,jdbcType=DOUBLE},
      </if>
    </set>
    <if test="_parameter != null">
      <include refid="Update_By_Example_Where_Clause" />
    </if>
  </update>
  <update id="updateByExample" parameterType="map">
    <!--
      WARNING - @mbg.generated
      This element is automatically generated by MyBatis Generator, do not modify.
      This element was generated on Tue Sep 14 11:24:42 CST 2021.
    -->
    update promo
    set id = #{record.id,jdbcType=INTEGER},
      promo_name = #{record.promoName,jdbcType=VARCHAR},
      start_date = #{record.startDate,jdbcType=TIMESTAMP},
      end_date = #{record.endDate,jdbcType=TIMESTAMP},
      item_id = #{record.itemId,jdbcType=INTEGER},
      promo_item_price = #{record.promoItemPrice,jdbcType=DOUBLE}
    <if test="_parameter != null">
      <include refid="Update_By_Example_Where_Clause" />
    </if>
  </update>
  <update id="updateByPrimaryKeySelective" parameterType="com.miaoShaProject.dataObject.PromoDO">
    <!--
      WARNING - @mbg.generated
      This element is automatically generated by MyBatis Generator, do not modify.
      This element was generated on Tue Sep 14 11:24:42 CST 2021.
    -->
    update promo
    <set>
      <if test="promoName != null">
        promo_name = #{promoName,jdbcType=VARCHAR},
      </if>
      <if test="startDate != null">
        start_date = #{startDate,jdbcType=TIMESTAMP},
      </if>
      <if test="endDate != null">
        end_date = #{endDate,jdbcType=TIMESTAMP},
      </if>
      <if test="itemId != null">
        item_id = #{itemId,jdbcType=INTEGER},
      </if>
      <if test="promoItemPrice != null">
        promo_item_price = #{promoItemPrice,jdbcType=DOUBLE},
      </if>
    </set>
    where id = #{id,jdbcType=INTEGER}
  </update>
  <update id="updateByPrimaryKey" parameterType="com.miaoShaProject.dataObject.PromoDO">
    <!--
      WARNING - @mbg.generated
      This element is automatically generated by MyBatis Generator, do not modify.
      This element was generated on Tue Sep 14 11:24:42 CST 2021.
    -->
    update promo
    set promo_name = #{promoName,jdbcType=VARCHAR},
      start_date = #{startDate,jdbcType=TIMESTAMP},
      end_date = #{endDate,jdbcType=TIMESTAMP},
      item_id = #{itemId,jdbcType=INTEGER},
      promo_item_price = #{promoItemPrice,jdbcType=DOUBLE}
    where id = #{id,jdbcType=INTEGER}
  </update>
</mapper>