<?xml version="1.0" encoding="UTF-8"?>
<!DOCTYPE mapper PUBLIC "-//mybatis.org//DTD Mapper 3.0//EN" "http://mybatis.org/dtd/mybatis-3-mapper.dtd">
<mapper namespace="com.miaoShaProject.dao.SequenceInfoDOMapper">
  <resultMap id="BaseResultMap" type="com.miaoShaProject.dataObject.SequenceInfoDO">
    <!--
      WARNING - @mbg.generated
      This element is automatically generated by MyBatis Generator, do not modify.
      This element was generated on Tue Sep 14 10:10:54 CST 2021.
    -->
    <result column="name" jdbcType="VARCHAR" property="name" />
    <result column="current_value" jdbcType="INTEGER" property="currentValue" />
    <result column="step" jdbcType="INTEGER" property="step" />
  </resultMap>
  <sql id="Example_Where_Clause">
    <!--
      WARNING - @mbg.generated
      This element is automatically generated by MyBatis Generator, do not modify.
      This element was generated on Tue Sep 14 10:10:54 CST 2021.
    -->
    <where>
      <foreach collection="oredCriteria" item="criteria" separator="or">
        <if test="criteria.valid">
          <trim prefix="(" prefixOverrides="and" suffix=")">
            <foreach collection="criteria.criteria" item="criterion">
              <choose>
                <when test="criterion.noValue">
                  and ${criterion.condition}
                </when>
                <when test="criterion.singleValue">
                  and ${criterion.condition} #{criterion.value}
                </when>
                <when test="criterion.betweenValue">
                  and ${criterion.condition} #{criterion.value} and #{criterion.secondValue}
                </when>
                <when test="criterion.listValue">
                  and ${criterion.condition}
                  <foreach close=")" collection="criterion.value" item="listItem" open="(" separator=",">
                    #{listItem}
                  </foreach>
                </when>
              </choose>
            </foreach>
          </trim>
        </if>
      </foreach>
    </where>
  </sql>
  <sql id="Update_By_Example_Where_Clause">
    <!--
      WARNING - @mbg.generated
      This element is automatically generated by MyBatis Generator, do not modify.
      This element was generated on Tue Sep 14 10:10:54 CST 2021.
    -->
    <where>
      <foreach collection="example.oredCriteria" item="criteria" separator="or">
        <if test="criteria.valid">
          <trim prefix="(" prefixOverrides="and" suffix=")">
            <foreach collection="criteria.criteria" item="criterion">
              <choose>
                <when test="criterion.noValue">
                  and ${criterion.condition}
                </when>
                <when test="criterion.singleValue">
                  and ${criterion.condition} #{criterion.value}
                </when>
                <when test="criterion.betweenValue">
                  and ${criterion.condition} #{criterion.value} and #{criterion.secondValue}
                </when>
                <when test="criterion.listValue">
                  and ${criterion.condition}
                  <foreach close=")" collection="criterion.value" item="listItem" open="(" separator=",">
                    #{listItem}
                  </foreach>
                </when>
              </choose>
            </foreach>
          </trim>
        </if>
      </foreach>
    </where>
  </sql>
  <sql id="Base_Column_List">
    <!--
      WARNING - @mbg.generated
      This element is automatically generated by MyBatis Generator, do not modify.
      This element was generated on Tue Sep 14 10:10:54 CST 2021.
    -->
    name, current_value, step
  </sql>
  <select id="selectByExample" parameterType="com.miaoShaProject.dataObject.SequenceInfoDOExample" resultMap="BaseResultMap">
    <!--
      WARNING - @mbg.generated
      This element is automatically generated by MyBatis Generator, do not modify.
      This element was generated on Tue Sep 14 10:10:54 CST 2021.
    -->
    select
    <if test="distinct">
      distinct
    </if>
    <include refid="Base_Column_List" />
    from sequence_info
    <if test="_parameter != null">
      <include refid="Example_Where_Clause" />
    </if>
    <if test="orderByClause != null">
      order by ${orderByClause}
    </if>
  </select>
  <delete id="deleteByExample" parameterType="com.miaoShaProject.dataObject.SequenceInfoDOExample">
    <!--
      WARNING - @mbg.generated
      This element is automatically generated by MyBatis Generator, do not modify.
      This element was generated on Tue Sep 14 10:10:54 CST 2021.
    -->
    delete from sequence_info
    <if test="_parameter != null">
      <include refid="Example_Where_Clause" />
    </if>
  </delete>
  <insert id="insert" parameterType="com.miaoShaProject.dataObject.SequenceInfoDO">
    <!--
      WARNING - @mbg.generated
      This element is automatically generated by MyBatis Generator, do not modify.
      This element was generated on Tue Sep 14 10:10:54 CST 2021.
    -->
    insert into sequence_info (name, current_value, step
      )
    values (#{name,jdbcType=VARCHAR}, #{currentValue,jdbcType=INTEGER}, #{step,jdbcType=INTEGER}
      )
  </insert>
  <insert id="insertSelective" parameterType="com.miaoShaProject.dataObject.SequenceInfoDO">
    <!--
      WARNING - @mbg.generated
      This element is automatically generated by MyBatis Generator, do not modify.
      This element was generated on Tue Sep 14 10:10:54 CST 2021.
    -->
    insert into sequence_info
    <trim prefix="(" suffix=")" suffixOverrides=",">
      <if test="name != null">
        name,
      </if>
      <if test="currentValue != null">
        current_value,
      </if>
      <if test="step != null">
        step,
      </if>
    </trim>
    <trim prefix="values (" suffix=")" suffixOverrides=",">
      <if test="name != null">
        #{name,jdbcType=VARCHAR},
      </if>
      <if test="currentValue != null">
        #{currentValue,jdbcType=INTEGER},
      </if>
      <if test="step != null">
        #{step,jdbcType=INTEGER},
      </if>
    </trim>
  </insert>
  <select id="countByExample" parameterType="com.miaoShaProject.dataObject.SequenceInfoDOExample" resultType="java.lang.Long">
    <!--
      WARNING - @mbg.generated
      This element is automatically generated by MyBatis Generator, do not modify.
      This element was generated on Tue Sep 14 10:10:54 CST 2021.
    -->
    select count(*) from sequence_info
    <if test="_parameter != null">
      <include refid="Example_Where_Clause" />
    </if>
  </select>
  <select id="getSequenceByName" parameterType="java.lang.String" resultMap="BaseResultMap">
    select
    <include refid="Base_Column_List" />
    from sequence_info
    where name = #{name,jdbcType=INTEGER} for update
  </select>
  <update id="updateByNameSelective" parameterType="com.miaoShaProject.dataObject.SequenceInfoDO">
    <!--
      WARNING - @mbg.generated
      This element is automatically generated by MyBatis Generator, do not modify.
      This element was generated on Mon Sep 13 16:28:19 CST 2021.
    -->
    update sequence_info
    <set>
      <if test="name != null">
        name = #{name,jdbcType=VARCHAR},
      </if>
      <if test="current_value != null">
        current_value = #{current_value,jdbcType=INTEGER},
      </if>
      <if test="step != null">
        step = #{step,jdbcType=INTEGER},
      </if>
    </set>
    where name = #{name,jdbcType=VARCHAR}
  </update>
  <update id="updateByExampleSelective" parameterType="map">
    <!--
      WARNING - @mbg.generated
      This element is automatically generated by MyBatis Generator, do not modify.
      This element was generated on Tue Sep 14 10:10:54 CST 2021.
    -->
    update sequence_info
    <set>
      <if test="record.name != null">
        name = #{record.name,jdbcType=VARCHAR},
      </if>
      <if test="record.currentValue != null">
        current_value = #{record.currentValue,jdbcType=INTEGER},
      </if>
      <if test="record.step != null">
        step = #{record.step,jdbcType=INTEGER},
      </if>
    </set>
    <if test="_parameter != null">
      <include refid="Update_By_Example_Where_Clause" />
    </if>
  </update>
  <update id="updateByExample" parameterType="map">
    <!--
      WARNING - @mbg.generated
      This element is automatically generated by MyBatis Generator, do not modify.
      This element was generated on Tue Sep 14 10:10:54 CST 2021.
    -->
    update sequence_info
    set name = #{record.name,jdbcType=VARCHAR},
      current_value = #{record.currentValue,jdbcType=INTEGER},
      step = #{record.step,jdbcType=INTEGER}
    <if test="_parameter != null">
      <include refid="Update_By_Example_Where_Clause" />
    </if>
  </update>
</mapper>