<?xml version="1.0" encoding="UTF-8"?>
<!DOCTYPE mapper PUBLIC "-//mybatis.org//DTD Mapper 3.0//EN" "http://mybatis.org/dtd/mybatis-3-mapper.dtd">
<mapper namespace="com.miaoShaProject.dao.StockLogDOMapper">
  <resultMap id="BaseResultMap" type="com.miaoShaProject.dataObject.StockLogDO">
    <!--
      WARNING - @mbg.generated
      This element is automatically generated by MyBatis Generator, do not modify.
      This element was generated on Sun Sep 26 16:57:46 CST 2021.
    -->
    <id column="stock_log_id" jdbcType="VARCHAR" property="stockLogId" />
    <result column="item_id" jdbcType="INTEGER" property="itemId" />
    <result column="amount" jdbcType="INTEGER" property="amount" />
    <result column="status" jdbcType="INTEGER" property="status" />
  </resultMap>
  <sql id="Example_Where_Clause">
    <!--
      WARNING - @mbg.generated
      This element is automatically generated by MyBatis Generator, do not modify.
      This element was generated on Sun Sep 26 16:57:46 CST 2021.
    -->
    <where>
      <foreach collection="oredCriteria" item="criteria" separator="or">
        <if test="criteria.valid">
          <trim prefix="(" prefixOverrides="and" suffix=")">
            <foreach collection="criteria.criteria" item="criterion">
              <choose>
                <when test="criterion.noValue">
                  and ${criterion.condition}
                </when>
                <when test="criterion.singleValue">
                  and ${criterion.condition} #{criterion.value}
                </when>
                <when test="criterion.betweenValue">
                  and ${criterion.condition} #{criterion.value} and #{criterion.secondValue}
                </when>
                <when test="criterion.listValue">
                  and ${criterion.condition}
                  <foreach close=")" collection="criterion.value" item="listItem" open="(" separator=",">
                    #{listItem}
                  </foreach>
                </when>
              </choose>
            </foreach>
          </trim>
        </if>
      </foreach>
    </where>
  </sql>
  <sql id="Update_By_Example_Where_Clause">
    <!--
      WARNING - @mbg.generated
      This element is automatically generated by MyBatis Generator, do not modify.
      This element was generated on Sun Sep 26 16:57:46 CST 2021.
    -->
    <where>
      <foreach collection="example.oredCriteria" item="criteria" separator="or">
        <if test="criteria.valid">
          <trim prefix="(" prefixOverrides="and" suffix=")">
            <foreach collection="criteria.criteria" item="criterion">
              <choose>
                <when test="criterion.noValue">
                  and ${criterion.condition}
                </when>
                <when test="criterion.singleValue">
                  and ${criterion.condition} #{criterion.value}
                </when>
                <when test="criterion.betweenValue">
                  and ${criterion.condition} #{criterion.value} and #{criterion.secondValue}
                </when>
                <when test="criterion.listValue">
                  and ${criterion.condition}
                  <foreach close=")" collection="criterion.value" item="listItem" open="(" separator=",">
                    #{listItem}
                  </foreach>
                </when>
              </choose>
            </foreach>
          </trim>
        </if>
      </foreach>
    </where>
  </sql>
  <sql id="Base_Column_List">
    <!--
      WARNING - @mbg.generated
      This element is automatically generated by MyBatis Generator, do not modify.
      This element was generated on Sun Sep 26 16:57:46 CST 2021.
    -->
    stock_log_id, item_id, amount, status
  </sql>
  <select id="selectByExample" parameterType="com.miaoShaProject.dataObject.StockLogDOExample" resultMap="BaseResultMap">
    <!--
      WARNING - @mbg.generated
      This element is automatically generated by MyBatis Generator, do not modify.
      This element was generated on Sun Sep 26 16:57:46 CST 2021.
    -->
    select
    <if test="distinct">
      distinct
    </if>
    <include refid="Base_Column_List" />
    from stock_log
    <if test="_parameter != null">
      <include refid="Example_Where_Clause" />
    </if>
    <if test="orderByClause != null">
      order by ${orderByClause}
    </if>
  </select>
  <select id="selectByPrimaryKey" parameterType="java.lang.String" resultMap="BaseResultMap">
    <!--
      WARNING - @mbg.generated
      This element is automatically generated by MyBatis Generator, do not modify.
      This element was generated on Sun Sep 26 16:57:46 CST 2021.
    -->
    select 
    <include refid="Base_Column_List" />
    from stock_log
    where stock_log_id = #{stockLogId,jdbcType=VARCHAR}
  </select>
  <delete id="deleteByPrimaryKey" parameterType="java.lang.String">
    <!--
      WARNING - @mbg.generated
      This element is automatically generated by MyBatis Generator, do not modify.
      This element was generated on Sun Sep 26 16:57:46 CST 2021.
    -->
    delete from stock_log
    where stock_log_id = #{stockLogId,jdbcType=VARCHAR}
  </delete>
  <delete id="deleteByExample" parameterType="com.miaoShaProject.dataObject.StockLogDOExample">
    <!--
      WARNING - @mbg.generated
      This element is automatically generated by MyBatis Generator, do not modify.
      This element was generated on Sun Sep 26 16:57:46 CST 2021.
    -->
    delete from stock_log
    <if test="_parameter != null">
      <include refid="Example_Where_Clause" />
    </if>
  </delete>
  <insert id="insert" parameterType="com.miaoShaProject.dataObject.StockLogDO">
    <!--
      WARNING - @mbg.generated
      This element is automatically generated by MyBatis Generator, do not modify.
      This element was generated on Sun Sep 26 16:57:46 CST 2021.
    -->
    insert into stock_log (stock_log_id, item_id, amount, 
      status)
    values (#{stockLogId,jdbcType=VARCHAR}, #{itemId,jdbcType=INTEGER}, #{amount,jdbcType=INTEGER}, 
      #{status,jdbcType=INTEGER})
  </insert>
  <insert id="insertSelective" parameterType="com.miaoShaProject.dataObject.StockLogDO">
    <!--
      WARNING - @mbg.generated
      This element is automatically generated by MyBatis Generator, do not modify.
      This element was generated on Sun Sep 26 16:57:46 CST 2021.
    -->
    insert into stock_log
    <trim prefix="(" suffix=")" suffixOverrides=",">
      <if test="stockLogId != null">
        stock_log_id,
      </if>
      <if test="itemId != null">
        item_id,
      </if>
      <if test="amount != null">
        amount,
      </if>
      <if test="status != null">
        status,
      </if>
    </trim>
    <trim prefix="values (" suffix=")" suffixOverrides=",">
      <if test="stockLogId != null">
        #{stockLogId,jdbcType=VARCHAR},
      </if>
      <if test="itemId != null">
        #{itemId,jdbcType=INTEGER},
      </if>
      <if test="amount != null">
        #{amount,jdbcType=INTEGER},
      </if>
      <if test="status != null">
        #{status,jdbcType=INTEGER},
      </if>
    </trim>
  </insert>
  <select id="countByExample" parameterType="com.miaoShaProject.dataObject.StockLogDOExample" resultType="java.lang.Long">
    <!--
      WARNING - @mbg.generated
      This element is automatically generated by MyBatis Generator, do not modify.
      This element was generated on Sun Sep 26 16:57:46 CST 2021.
    -->
    select count(*) from stock_log
    <if test="_parameter != null">
      <include refid="Example_Where_Clause" />
    </if>
  </select>
  <update id="updateByExampleSelective" parameterType="map">
    <!--
      WARNING - @mbg.generated
      This element is automatically generated by MyBatis Generator, do not modify.
      This element was generated on Sun Sep 26 16:57:46 CST 2021.
    -->
    update stock_log
    <set>
      <if test="record.stockLogId != null">
        stock_log_id = #{record.stockLogId,jdbcType=VARCHAR},
      </if>
      <if test="record.itemId != null">
        item_id = #{record.itemId,jdbcType=INTEGER},
      </if>
      <if test="record.amount != null">
        amount = #{record.amount,jdbcType=INTEGER},
      </if>
      <if test="record.status != null">
        status = #{record.status,jdbcType=INTEGER},
      </if>
    </set>
    <if test="_parameter != null">
      <include refid="Update_By_Example_Where_Clause" />
    </if>
  </update>
  <update id="updateByExample" parameterType="map">
    <!--
      WARNING - @mbg.generated
      This element is automatically generated by MyBatis Generator, do not modify.
      This element was generated on Sun Sep 26 16:57:46 CST 2021.
    -->
    update stock_log
    set stock_log_id = #{record.stockLogId,jdbcType=VARCHAR},
      item_id = #{record.itemId,jdbcType=INTEGER},
      amount = #{record.amount,jdbcType=INTEGER},
      status = #{record.status,jdbcType=INTEGER}
    <if test="_parameter != null">
      <include refid="Update_By_Example_Where_Clause" />
    </if>
  </update>
  <update id="updateByPrimaryKeySelective" parameterType="com.miaoShaProject.dataObject.StockLogDO">
    <!--
      WARNING - @mbg.generated
      This element is automatically generated by MyBatis Generator, do not modify.
      This element was generated on Sun Sep 26 16:57:46 CST 2021.
    -->
    update stock_log
    <set>
      <if test="itemId != null">
        item_id = #{itemId,jdbcType=INTEGER},
      </if>
      <if test="amount != null">
        amount = #{amount,jdbcType=INTEGER},
      </if>
      <if test="status != null">
        status = #{status,jdbcType=INTEGER},
      </if>
    </set>
    where stock_log_id = #{stockLogId,jdbcType=VARCHAR}
  </update>
  <update id="updateByPrimaryKey" parameterType="com.miaoShaProject.dataObject.StockLogDO">
    <!--
      WARNING - @mbg.generated
      This element is automatically generated by MyBatis Generator, do not modify.
      This element was generated on Sun Sep 26 16:57:46 CST 2021.
    -->
    update stock_log
    set item_id = #{itemId,jdbcType=INTEGER},
      amount = #{amount,jdbcType=INTEGER},
      status = #{status,jdbcType=INTEGER}
    where stock_log_id = #{stockLogId,jdbcType=VARCHAR}
  </update>
</mapper>