<!DOCTYPE generatorConfiguration PUBLIC
        "-//mybatis.org//DTD MyBatis Generator Configuration 1.0//EN"
        "http://mybatis.org/dtd/mybatis-generator-config_1_0.dtd">
<generatorConfiguration>
    <context id="DB2Tables" targetRuntime="MyBatis3">
        <!--数据库连接地址账号密码-->
        <jdbcConnection driverClass="com.mysql.cj.jdbc.Driver"
                        connectionURL="jdbc:mysql://127.0.0.1:3306/miaosha"
                        userId="root" password="0608mysql"/>
        <!--生成model/dataObject类存放位置-->
        <javaModelGenerator targetPackage="com.miaoShaProject.dataObject" targetProject="src/main/java"/>
        <!--生成映射文件存放位置-->
        <sqlMapGenerator targetPackage="mapping" targetProject="src/main/resources"/>
        <!--生成Dao类存放位置-->
        <!--客户端代码，生成易于使用的针对model对象和XML配置文件的代码-->
        <!--type="ANNOTATEDMAPPER",生成Java Model和基于注解的Mapper对象-->
        <!--type="MIXEDMAPPER",生成基于注解的Java Model和相应的Mapper对象-->
        <!--type="XMLMAPPER",生成SQLMap XML文件和独立的Mapper接口-->
        <javaClientGenerator type="XMLMAPPER" targetPackage="com.miaoShaProject.dao" targetProject="src/main/java"/>
        <!--生成对应表及类名-->
<!--        <table tableName="user_info" domainObjectName="UserDO" />-->
<!--        <table tableName="user_password" domainObjectName="UserPasswordDO" />-->

<!--        <table tableName="item" domainObjectName="ItemDO" />-->
<!--        <table tableName="item_stock" domainObjectName="ItemStockDO" />-->

<!--        <table tableName="order_info" domainObjectName="OrderInfoDO" />-->
<!--        <table tableName="sequence_info" domainObjectName="SequenceInfoDO" />-->
<!--            <table tableName="promo" domainObjectName="PromoDO" />-->
            <table tableName="stock_log" domainObjectName="StockLogDO" />
    </context>
</generatorConfiguration>